user_id,name,email,department,status,role,source_system,granted_at_iso
u63,Steve Sato,steve.sato.63@bank.tld,Finance,active,DevOpsAdmin,SAP,2023-12-20T00:46:57Z
u148,Ana Patel,ana.patel.148@bank.tld,Security,active,CRMWrite,AWS,2024-03-31T15:23:20Z
u30,Sam Zhou,sam.zhou.30@bank.tld,Procurement,active,PlatformOwner,Okta,2024-05-28T12:09:10Z
u115,Zoe Shah,zoe.shah.115@bank.tld,Audit,inactive,ComplianceReview,Workday,2024-07-16T10:48:45Z
u21,Marcus Singh,marcus.singh.21@bank.tld,DevOps,active,QAEngineer,AWS,2025-12-20T07:03:55Z
u91,Victor Kim,victor.kim.91@bank.tld,Audit,inactive,PayrollAdmin,AzureAD,2025-11-09T01:38:38Z
u121,Fatima Patel,fatima.patel.121@bank.tld,Security,active,ProcurementViewer,Workday,2025-04-11T20:12:51Z
u143,Liu Sato,liu.sato.143@bank.tld,Payments,inactive,FinanceAnalyst,Workday,2023-07-31T13:46:18Z
u113,Pablo Novak,pablo.novak.113@bank.tld,Payments,active,DataEngineer,AzureAD,2024-01-15T12:17:04Z
u49,Chris Moreau,chris.moreau.49@bank.tld,Procurement,active,CloudOpsAdmin,SAP,2023-02-12T09:24:20Z
u118,Diana Park,diana.park.118@bank.tld,Security,active,AssetManager,SAP,2024-02-27T22:34:04Z
u9,Marcus Sato,marcus.sato.9@bank.tld,Security,active,AWS_Admin,AWS,2023-12-31T08:09:32Z
u106,Ethan Lin,ethan.lin.106@bank.tld,Finance,active,VendorPayment,Workday,2023-10-11T12:54:35Z
u53,Olga Adams,olga.adams.53@bank.tld,DevOps,active,IncidentResponder,SAP,2023-03-11T06:59:09Z
u66,Ethan Park,ethan.park.66@bank.tld,Audit,active,DataEngineer,Workday,2023-05-13T15:17:08Z
u148,Ana Patel,ana.patel.148@bank.tld,Security,active,SystemOverride,Workday,2023-03-18T21:19:20Z
u23,Ian Muller,ian.muller.23@bank.tld,Audit,active,AppDeveloper,AzureAD,2024-01-25T23:44:01Z
u131,Steve Garcia,steve.garcia.131@bank.tld,Audit,active,ChangeManager,AzureAD,2025-12-05T23:07:01Z
u110,Diana White,diana.white.110@bank.tld,Security,active,AppDeveloper,Workday,2023-03-31T22:35:07Z
u31,Sam Adams,sam.adams.31@bank.tld,Procurement,active,ProdDeployer,SAP,2023-06-24T03:41:27Z
u116,Ben Patel,ben.patel.116@bank.tld,HR,active,TradingDesk,AzureAD,2023-04-07T03:42:55Z
u3,Chris Park,chris.park.3@bank.tld,Trading,inactive,QAEngineer,SAP,2024-06-21T05:20:11Z
u11,Robert Moreau,robert.moreau.11@bank.tld,Payments,inactive,HRManager,Okta,2025-02-15T00:06:53Z
u76,Victor Brown,victor.brown.76@bank.tld,HR,active,BudgetOwner,AWS,2023-08-16T05:44:49Z
u68,Nina Ivanov,nina.ivanov.68@bank.tld,HR,active,SystemOverride,SAP,2025-12-25T16:03:16Z
u54,Marcus Sato,marcus.sato.54@bank.tld,HR,active,ProdDeployer,AWS,2024-05-19T12:45:24Z
u107,Hannah Singh,hannah.singh.107@bank.tld,Trading,inactive,DataRead,AzureAD,2024-04-15T22:22:01Z
u37,Meera Singh,meera.singh.37@bank.tld,Payments,active,AccessReviewer,AzureAD,2025-08-15T09:30:37Z
u116,Ben Patel,ben.patel.116@bank.tld,HR,active,DataRead,SAP,2024-03-28T04:01:32Z
u7,Olga Muller,olga.muller.7@bank.tld,Payments,active,VendorPayment,Okta,2025-11-29T14:35:47Z
u50,Ivy Kim,ivy.kim.50@bank.tld,Payments,active,DataDelete,AWS,2025-12-30T17:15:43Z
u108,Kai Ali,kai.ali.108@bank.tld,Procurement,active,IncidentResponder,AzureAD,2025-06-11T07:27:12Z
u118,Diana Park,diana.park.118@bank.tld,Security,active,MarketingAdmin,Workday,2025-11-24T14:11:24Z
u129,Noah White,noah.white.129@bank.tld,Procurement,active,ComplianceReview,AWS,2023-06-23T19:40:47Z
u108,Karen Schmidt,karen.schmidt.108@bank.tld,DevOps,active,NetworkAdmin,SAP,2024-01-03T18:37:36Z
u36,Amelia Patel,amelia.patel.36@bank.tld,Finance,inactive,FinanceApprover,AWS,2024-09-15T15:51:54Z
u88,Sam Garcia,sam.garcia.88@bank.tld,IT,active,DevOpsAdmin,AzureAD,2023-12-04T16:30:38Z
u28,Ethan Moreau,ethan.moreau.28@bank.tld,Audit,active,LegalReviewer,SAP,2023-02-20T08:10:20Z
u144,Kai Rossi,kai.rossi.144@bank.tld,IT,active,BillingAdmin,SAP,2024-03-27T05:31:12Z
u83,Ben Hernandez,ben.hernandez.83@bank.tld,Procurement,active,IncidentResponder,Workday,2025-12-05T15:58:07Z
u23,Ian Muller,ian.muller.23@bank.tld,Audit,active,DevOpsAdmin,Okta,2023-04-20T14:38:23Z
u126,Hannah Rossi,hannah.rossi.126@bank.tld,IT,active,ProcurementViewer,SAP,2024-12-31T17:04:54Z
u80,Yara Kim,yara.kim.80@bank.tld,IT,active,BudgetOwner,AzureAD,2024-10-22T14:58:41Z
u20,Omar Silva,omar.silva.20@bank.tld,Finance,active,DevOpsAdmin,AzureAD,2023-03-06T03:25:12Z
u147,Tom Singh,tom.singh.147@bank.tld,IT,active,SecurityAudit,SAP,2023-01-20T23:41:05Z
u134,Tom Park,tom.park.134@bank.tld,IT,active,ComplianceAdmin,Workday,2024-12-30T17:36:24Z
u92,Ben Shah,ben.shah.92@bank.tld,Trading,active,AccessReviewer,AWS,2025-03-18T12:52:34Z
u149,Fatima Brown,fatima.brown.149@bank.tld,Procurement,active,DevOpsAdmin,Okta,2023-03-30T18:17:38Z
u89,Robert Moreau,robert.moreau.89@bank.tld,IT,active,CRMWrite,AzureAD,2025-03-04T20:59:06Z
u113,Pablo Novak,pablo.novak.113@bank.tld,Payments,active,AppDeveloper,Workday,2025-10-22T18:46:18Z
u49,Chris Moreau,chris.moreau.49@bank.tld,Procurement,active,BudgetOwner,Workday,2023-12-07T13:09:03Z
u20,Nina Lin,nina.lin.20@bank.tld,Security,active,FinanceApprover,Okta,2024-03-11T21:44:31Z
u105,Meera Schmidt,meera.schmidt.105@bank.tld,Audit,active,AppDeveloper,SAP,2023-02-22T10:47:16Z
u130,Pablo Shah,pablo.shah.130@bank.tld,Audit,active,SecurityAudit,AWS,2025-02-24T08:33:46Z
u53,Olga Adams,olga.adams.53@bank.tld,DevOps,active,AssetManager,AzureAD,2024-06-26T15:30:51Z
u24,Nina Lopez,nina.lopez.24@bank.tld,Payments,active,LegalReviewer,Okta,2024-06-12T06:09:26Z
u85,Ben Sato,ben.sato.85@bank.tld,Payments,inactive,Root,AWS,2025-11-17T08:03:52Z
u30,Sam Zhou,sam.zhou.30@bank.tld,Procurement,active,TradingMonitor,Okta,2025-02-06T22:58:38Z
u83,Ben Hernandez,ben.hernandez.83@bank.tld,Procurement,active,DataEngineer,SAP,2024-09-07T15:08:54Z
u45,Zoe Muller,zoe.muller.45@bank.tld,IT,active,SystemOverride,AWS,2023-05-05T15:13:02Z
u58,Olga Schmidt,olga.schmidt.58@bank.tld,Audit,active,DataRead,Okta,2025-11-08T04:59:29Z
u100,Omar Moreau,omar.moreau.100@bank.tld,Finance,inactive,AppDeveloper,Okta,2025-06-30T02:09:12Z
u102,Lee Muller,lee.muller.102@bank.tld,DevOps,active,AccessReviewer,AWS,2023-09-15T22:41:01Z
u133,Ethan Kim,ethan.kim.133@bank.tld,IT,inactive,DataEngineer,Workday,2025-12-02T04:36:21Z
u56,Diana Novak,diana.novak.56@bank.tld,Security,active,BillingAdmin,SAP,2025-07-02T16:33:02Z
u41,Maya Novak,maya.novak.41@bank.tld,Finance,active,SupportAdmin,SAP,2024-10-31T11:10:17Z
u120,Ethan Silva,ethan.silva.120@bank.tld,Audit,active,ChangeManager,AzureAD,2025-06-16T00:29:09Z
u51,Robert Moreau,robert.moreau.51@bank.tld,Procurement,active,DevOpsAdmin,SAP,2025-06-10T21:10:33Z
u52,Fatima Moreau,fatima.moreau.52@bank.tld,IT,active,AssetManager,AWS,2024-07-15T17:43:02Z
u99,Lee Adams,lee.adams.99@bank.tld,Finance,active,DataDelete,Okta,2023-02-11T07:00:16Z
u11,Robert Moreau,robert.moreau.11@bank.tld,Payments,inactive,Root,SAP,2024-02-03T13:26:34Z
u114,Maria Novak,maria.novak.114@bank.tld,Payments,active,MarketingAdmin,AzureAD,2023-03-26T14:55:58Z
u19,Luca Khan,luca.khan.19@bank.tld,Finance,active,BillingAdmin,AWS,2023-01-21T16:13:13Z
u131,Steve Garcia,steve.garcia.131@bank.tld,Audit,active,AWS_Admin,SAP,2025-02-01T23:56:05Z
u3,Chris Park,chris.park.3@bank.tld,Trading,inactive,ComplianceAdmin,Okta,2024-05-23T00:06:00Z
u1,Sam Roy,sam.roy.1@bank.tld,Security,active,SRE,Workday,2025-02-05T02:26:57Z
u141,Diana Moreau,diana.moreau.141@bank.tld,Procurement,active,ExpenseApprover,AzureAD,2024-09-27T21:22:54Z
u117,Steve Roy,steve.roy.117@bank.tld,HR,active,AuditRead,Workday,2023-05-05T02:35:24Z
u91,Victor Kim,victor.kim.91@bank.tld,Audit,inactive,ExpenseApprover,AWS,2025-11-29T04:05:30Z
u61,Rita Singh,rita.singh.61@bank.tld,HR,active,DatabaseAdmin,AWS,2023-03-17T11:52:13Z
u90,Diana Jones,diana.jones.90@bank.tld,DevOps,active,ComplianceReview,AWS,2025-09-19T18:16:27Z
u42,Raj Adams,raj.adams.42@bank.tld,IT,active,Root,Okta,2024-12-04T23:48:06Z
u48,Pablo Lin,pablo.lin.48@bank.tld,Audit,active,AssetManager,SAP,2025-09-09T13:07:37Z
u31,Sam Adams,sam.adams.31@bank.tld,Procurement,active,AccessReviewer,Okta,2023-12-04T21:14:15Z
u119,Nina Muller,nina.muller.119@bank.tld,IT,inactive,SupportAdmin,AWS,2024-05-09T12:12:52Z
u35,Maria Garcia,maria.garcia.35@bank.tld,Payments,active,SupportAdmin,Workday,2025-02-05T13:29:08Z
u24,Nina Lopez,nina.lopez.24@bank.tld,Payments,active,DataRead,AWS,2023-12-22T17:03:03Z
u63,Steve Sato,steve.sato.63@bank.tld,Finance,active,CloudOpsAdmin,Workday,2023-02-10T15:47:54Z
u38,David Shah,david.shah.38@bank.tld,Finance,active,FinanceAnalyst,SAP,2023-02-08T02:50:39Z
u5,Noah Lin,noah.lin.5@bank.tld,Payments,active,ProcurementApproval,AzureAD,2025-09-24T06:56:19Z
u14,Victor White,victor.white.14@bank.tld,Security,active,DataEngineer,AzureAD,2024-11-06T12:04:54Z
u39,Kai Ali,kai.ali.39@bank.tld,IT,active,OktaSuperAdmin,AWS,2025-11-14T15:14:18Z
u34,Hannah Silva,hannah.silva.34@bank.tld,Security,active,HRManager,SAP,2024-10-21T23:01:36Z
u105,Zoe Khan,zoe.khan.105@bank.tld,DevOps,active,AppDeveloper,SAP,2024-06-15T03:51:47Z
u60,Marcus Novak,marcus.novak.60@bank.tld,Security,active,NetworkAdmin,Okta,2025-07-25T02:58:28Z
u56,Diana Novak,diana.novak.56@bank.tld,Security,active,AppDeveloper,SAP,2023-02-11T04:04:16Z
u37,Ivy Ivanov,ivy.ivanov.37@bank.tld,Finance,active,AssetManager,AWS,2024-04-29T15:58:19Z
u136,Karen Adams,karen.adams.136@bank.tld,Trading,active,ProcurementViewer,SAP,2025-03-18T02:10:14Z
u29,Kai Shah,kai.shah.29@bank.tld,DevOps,active,BudgetOwner,SAP,2024-08-20T08:02:07Z
u76,Victor Brown,victor.brown.76@bank.tld,HR,active,ComplianceAdmin,Okta,2025-03-06T16:41:16Z
u71,Noah Adams,noah.adams.71@bank.tld,Payments,active,OktaSuperAdmin,Workday,2025-02-23T18:42:09Z
u122,Maya Jones,maya.jones.122@bank.tld,Security,active,FinanceApprover,AWS,2024-05-27T13:35:28Z
u56,Diana Novak,diana.novak.56@bank.tld,Security,active,OktaSuperAdmin,AzureAD,2023-08-21T04:28:31Z
u32,Nina Shah,nina.shah.32@bank.tld,Security,inactive,DataEngineer,AzureAD,2025-02-08T18:55:34Z
u76,Victor Brown,victor.brown.76@bank.tld,HR,active,ProcurementViewer,Workday,2023-06-02T14:56:31Z
u21,Marcus Singh,marcus.singh.21@bank.tld,DevOps,active,AWS_Admin,AzureAD,2025-12-05T00:51:58Z
u91,Victor Kim,victor.kim.91@bank.tld,Audit,inactive,VendorPayment,AWS,2025-06-25T20:09:48Z
u137,Olga Patel,olga.patel.137@bank.tld,Payments,active,NetworkAdmin,SAP,2025-01-20T08:16:19Z
u141,Diana Moreau,diana.moreau.141@bank.tld,Procurement,active,AccessReviewer,Workday,2024-08-16T18:33:28Z
u29,David Chen,david.chen.29@bank.tld,HR,inactive,NetworkAdmin,AWS,2024-06-17T14:50:39Z
u35,Ana Lopez,ana.lopez.35@bank.tld,DevOps,inactive,MarketingAdmin,AWS,2023-07-10T07:39:52Z
u105,Meera Schmidt,meera.schmidt.105@bank.tld,Audit,active,VendorPayment,SAP,2024-03-03T12:26:14Z
u8,Victor Garcia,victor.garcia.8@bank.tld,Finance,active,PayrollAdmin,AWS,2025-10-26T18:39:42Z
u136,Karen Adams,karen.adams.136@bank.tld,Trading,active,ComplianceAdmin,Okta,2024-12-09T21:26:34Z
u45,Zoe Muller,zoe.muller.45@bank.tld,IT,active,IncidentResponder,AWS,2023-10-05T14:32:20Z
u56,Diana Novak,diana.novak.56@bank.tld,Security,active,ComplianceAdmin,AWS,2023-10-04T22:13:25Z
u101,Pablo White,pablo.white.101@bank.tld,IT,active,AppDeveloper,Okta,2023-01-20T19:10:49Z
u13,Olga Ivanov,olga.ivanov.13@bank.tld,HR,active,CloudOpsAdmin,SAP,2025-02-28T19:55:17Z
u72,Ivy Lin,ivy.lin.72@bank.tld,IT,active,TradingMonitor,AzureAD,2023-05-10T02:09:20Z
u1,Sam Roy,sam.roy.1@bank.tld,Security,active,TradingMonitor,AWS,2023-12-31T18:06:44Z
u148,Ana Patel,ana.patel.148@bank.tld,Security,active,UserAdmin,SAP,2024-08-15T07:00:04Z
u90,Diana Jones,diana.jones.90@bank.tld,DevOps,active,LegalReviewer,AWS,2025-08-13T10:13:50Z
u109,David Garcia,david.garcia.109@bank.tld,Security,active,TradingMonitor,Okta,2024-07-21T22:04:35Z
u112,Raj Nguyen,raj.nguyen.112@bank.tld,IT,active,AuditRead,SAP,2023-06-16T05:03:09Z
u6,Victor Roy,victor.roy.6@bank.tld,Payments,active,OktaSuperAdmin,Workday,2023-07-29T22:13:40Z
u4,Tom Lopez,tom.lopez.4@bank.tld,Trading,active,QAEngineer,AWS,2023-10-31T00:41:45Z
u129,Noah White,noah.white.129@bank.tld,Procurement,active,IncidentResponder,AWS,2025-01-28T11:02:55Z
u20,Omar Silva,omar.silva.20@bank.tld,Finance,active,LegalReviewer,AWS,2025-01-21T18:43:53Z
u33,Ethan Lopez,ethan.lopez.33@bank.tld,Audit,active,DataRead,Okta,2024-11-12T19:58:32Z
u13,Ben Schmidt,ben.schmidt.13@bank.tld,Security,active,DatabaseAdmin,Okta,2025-01-27T17:03:01Z
u18,Raj Adams,raj.adams.18@bank.tld,Procurement,active,SystemOverride,AWS,2025-08-11T12:20:58Z
u119,Nina Muller,nina.muller.119@bank.tld,IT,inactive,AuditRead,Okta,2024-11-27T04:44:04Z
u72,Sam Ali,sam.ali.72@bank.tld,Procurement,active,ProcurementApproval,SAP,2025-08-29T13:38:20Z
u64,Chris Hernandez,chris.hernandez.64@bank.tld,Security,active,AppDeveloper,SAP,2024-07-02T19:34:14Z
u43,Julia Moreau,julia.moreau.43@bank.tld,Trading,inactive,LegalReviewer,AzureAD,2024-12-07T10:53:00Z
u103,Marcus Tan,marcus.tan.103@bank.tld,IT,active,DataDelete,SAP,2023-02-13T08:36:31Z
u131,Steve Garcia,steve.garcia.131@bank.tld,Audit,active,RiskAnalyst,AWS,2024-07-06T16:29:44Z
u19,Olga Novak,olga.novak.19@bank.tld,Audit,active,QAEngineer,Workday,2023-12-24T01:28:17Z
u54,Ivy Schmidt,ivy.schmidt.54@bank.tld,Audit,active,HRManager,Workday,2023-10-02T14:54:09Z
u60,Marcus Novak,marcus.novak.60@bank.tld,Security,active,SRE,AWS,2023-05-08T00:25:18Z
u80,Yara Kim,yara.kim.80@bank.tld,IT,active,ComplianceAdmin,AWS,2024-11-18T23:53:14Z
u1,Sam Roy,sam.roy.1@bank.tld,Security,active,NetworkAdmin,AzureAD,2024-10-20T04:29:58Z
u83,Ben Hernandez,ben.hernandez.83@bank.tld,Procurement,active,AccessReviewer,Okta,2025-07-12T00:47:20Z
u142,David Costa,david.costa.142@bank.tld,Procurement,inactive,PlatformOwner,Okta,2023-06-13T20:58:50Z
u10,Pablo Novak,pablo.novak.10@bank.tld,HR,active,AssetManager,Okta,2023-09-06T16:04:42Z
u122,Maya Jones,maya.jones.122@bank.tld,Security,active,PaymentsAdmin,SAP,2025-12-25T04:58:39Z
u64,Liu Lopez,liu.lopez.64@bank.tld,Security,active,ComplianceReview,AzureAD,2024-10-13T23:31:22Z
u56,Diana Novak,diana.novak.56@bank.tld,Security,active,TradingDesk,Workday,2023-06-13T22:42:26Z
u74,Rita Jones,rita.jones.74@bank.tld,IT,active,DataRead,Okta,2025-09-21T06:06:19Z
u114,Maria Novak,maria.novak.114@bank.tld,Payments,active,DataEngineer,Okta,2023-04-06T21:00:35Z
u5,Noah Lin,noah.lin.5@bank.tld,Payments,active,UserAdmin,AWS,2024-08-26T09:22:48Z
u140,Meera Singh,meera.singh.140@bank.tld,HR,active,ProcurementViewer,SAP,2024-11-10T13:09:47Z
u46,Ivy Khan,ivy.khan.46@bank.tld,Procurement,active,PayrollAdmin,AzureAD,2024-07-18T00:20:00Z
u60,Marcus Novak,marcus.novak.60@bank.tld,Security,active,Root,Workday,2025-06-07T07:04:38Z
u68,Chris Moreau,chris.moreau.68@bank.tld,IT,active,PayrollAdmin,AWS,2025-07-07T09:18:48Z
u76,Victor Brown,victor.brown.76@bank.tld,HR,active,RiskAnalyst,SAP,2025-07-17T20:39:50Z
u73,Olga Singh,olga.singh.73@bank.tld,Finance,active,SystemOverride,SAP,2025-05-21T11:45:20Z
u37,Meera Singh,meera.singh.37@bank.tld,Payments,active,ExpenseApprover,SAP,2024-09-11T12:52:59Z
u9,Marcus Sato,marcus.sato.9@bank.tld,Security,active,PaymentsAdmin,AzureAD,2024-06-09T03:00:24Z
u77,Kai Garcia,kai.garcia.77@bank.tld,Payments,active,TradingMonitor,Workday,2024-11-24T17:02:03Z
u2,Zoe Khan,zoe.khan.2@bank.tld,Security,active,RiskAnalyst,SAP,2025-03-22T02:59:23Z
u37,Meera Singh,meera.singh.37@bank.tld,Payments,active,FinanceApprover,Workday,2025-09-12T19:46:04Z
u97,Victor Hernandez,victor.hernandez.97@bank.tld,DevOps,active,CRMWrite,Okta,2025-07-04T00:31:52Z
u21,Marcus Singh,marcus.singh.21@bank.tld,DevOps,active,PaymentsAdmin,Workday,2023-12-19T17:45:09Z
u63,Steve Sato,steve.sato.63@bank.tld,Finance,active,ComplianceAdmin,Workday,2023-01-24T18:19:25Z
u11,Robert Moreau,robert.moreau.11@bank.tld,Payments,inactive,TradingMonitor,SAP,2023-01-26T19:33:55Z
u98,Olga Zhou,olga.zhou.98@bank.tld,DevOps,inactive,ComplianceAdmin,SAP,2024-01-25T20:26:20Z
u83,Ben Hernandez,ben.hernandez.83@bank.tld,Procurement,active,Root,SAP,2023-11-01T08:16:02Z
u27,Sofia Brown,sofia.brown.27@bank.tld,IT,active,FinanceApprover,SAP,2025-09-29T16:42:13Z
u113,Pablo Novak,pablo.novak.113@bank.tld,Payments,active,QAEngineer,AzureAD,2023-01-26T00:35:37Z
u141,Diana Moreau,diana.moreau.141@bank.tld,Procurement,active,RiskAnalyst,Workday,2024-02-05T16:12:32Z
u85,Ben Sato,ben.sato.85@bank.tld,Payments,inactive,ComplianceReview,AzureAD,2024-09-18T08:14:03Z
u135,Ian Patel,ian.patel.135@bank.tld,Security,active,AppDeveloper,Okta,2023-10-07T15:07:33Z
u135,Ian Patel,ian.patel.135@bank.tld,Security,active,ComplianceAdmin,AzureAD,2025-03-06T05:28:24Z
u34,Hannah Silva,hannah.silva.34@bank.tld,Security,active,FinanceApprover,AWS,2023-10-06T23:23:30Z
u128,Lina Ali,lina.ali.128@bank.tld,Trading,inactive,ExpenseApprover,AWS,2023-05-17T09:27:49Z
u130,Pablo Shah,pablo.shah.130@bank.tld,Audit,active,PayrollAdmin,Okta,2024-05-19T09:55:02Z
u82,Maya Hernandez,maya.hernandez.82@bank.tld,Security,active,FinanceAnalyst,Workday,2025-10-29T15:28:18Z
u19,Luca Khan,luca.khan.19@bank.tld,Finance,active,AppDeveloper,AWS,2024-12-10T04:42:16Z
u50,Karen Shah,karen.shah.50@bank.tld,Procurement,active,PlatformOwner,Okta,2025-11-28T02:57:23Z
u48,Victor Rossi,victor.rossi.48@bank.tld,IT,inactive,TradingMonitor,Okta,2023-02-04T20:50:43Z
u134,Tom Park,tom.park.134@bank.tld,IT,active,LegalReviewer,Workday,2024-05-03T06:08:17Z
u37,Meera Singh,meera.singh.37@bank.tld,Payments,active,PaymentsAdmin,Workday,2023-11-02T09:54:36Z
u65,Kai Lin,kai.lin.65@bank.tld,Finance,active,ComplianceAdmin,Okta,2025-10-26T02:52:59Z
u13,Rita Khan,rita.khan.13@bank.tld,Audit,active,UserAdmin,SAP,2023-07-11T23:41:35Z
u59,Liu Morales,liu.morales.59@bank.tld,Finance,active,BillingAdmin,SAP,2024-04-22T12:31:50Z
u94,Olga Tan,olga.tan.94@bank.tld,Audit,active,FinanceAnalyst,AzureAD,2024-06-14T04:41:10Z
u32,Nina Shah,nina.shah.32@bank.tld,Security,inactive,SecurityAudit,AWS,2025-05-19T17:25:11Z
u98,Olga Zhou,olga.zhou.98@bank.tld,DevOps,inactive,SupportAdmin,AWS,2025-07-29T22:13:21Z
u46,Ivy Khan,ivy.khan.46@bank.tld,Procurement,active,ComplianceAdmin,Okta,2024-08-09T22:43:32Z
u98,Olga Zhou,olga.zhou.98@bank.tld,DevOps,inactive,VendorPayment,Okta,2024-01-21T07:39:08Z
u88,Sam Garcia,sam.garcia.88@bank.tld,IT,active,Root,AWS,2023-12-02T09:47:16Z
u95,Yara Nguyen,yara.nguyen.95@bank.tld,DevOps,active,ExpenseApprover,AzureAD,2025-12-26T20:56:19Z
u43,Diana Hernandez,diana.hernandez.43@bank.tld,Security,active,PayrollAdmin,Workday,2023-11-09T18:06:52Z
u114,Maria Novak,maria.novak.114@bank.tld,Payments,active,LegalReviewer,Workday,2025-08-17T22:35:25Z
u19,Luca Khan,luca.khan.19@bank.tld,Finance,active,ProcurementViewer,Okta,2024-05-31T07:29:14Z
u103,Marcus Tan,marcus.tan.103@bank.tld,IT,active,DatabaseAdmin,Okta,2025-07-12T14:41:42Z
u25,Fatima Rossi,fatima.rossi.25@bank.tld,Security,active,IncidentResponder,Okta,2023-07-01T02:42:40Z
u17,Zoe Schmidt,zoe.schmidt.17@bank.tld,Trading,active,ExpenseApprover,AzureAD,2023-02-17T18:15:08Z
u121,Fatima Patel,fatima.patel.121@bank.tld,Security,active,SRE,Okta,2024-07-04T15:47:41Z
u23,Ian Muller,ian.muller.23@bank.tld,Audit,active,AWS_Admin,Okta,2024-11-18T04:22:28Z
u66,Ethan Park,ethan.park.66@bank.tld,Audit,active,PayrollAdmin,Okta,2024-04-06T14:13:22Z
u110,Raj Sato,raj.sato.110@bank.tld,Audit,active,AssetManager,Workday,2024-01-14T04:25:27Z
u6,Victor Roy,victor.roy.6@bank.tld,Payments,active,LegalReviewer,Workday,2024-12-28T11:25:40Z
u122,Maya Jones,maya.jones.122@bank.tld,Security,active,UserAdmin,Okta,2024-05-08T18:02:14Z
u105,Meera Schmidt,meera.schmidt.105@bank.tld,Audit,active,Root,AzureAD,2024-04-29T20:44:43Z
u72,Kai Shah,kai.shah.72@bank.tld,Finance,active,ComplianceAdmin,AzureAD,2025-10-23T23:55:45Z
u100,Diana Khan,diana.khan.100@bank.tld,Trading,active,ProdDeployer,Okta,2024-08-10T22:56:52Z
u68,Nina Ivanov,nina.ivanov.68@bank.tld,HR,active,ChangeManager,Okta,2024-08-30T14:57:33Z
u147,Tom Singh,tom.singh.147@bank.tld,IT,active,SRE,SAP,2025-04-26T02:45:57Z
u65,Kai Lin,kai.lin.65@bank.tld,Finance,active,AWS_Admin,Workday,2025-05-01T10:28:07Z
u67,Noah Park,noah.park.67@bank.tld,Trading,active,ComplianceReview,Okta,2025-09-17T18:23:37Z
u109,David Garcia,david.garcia.109@bank.tld,Security,active,DataEngineer,AWS,2025-11-04T12:43:14Z
u139,Zoe Novak,zoe.novak.139@bank.tld,HR,active,DataRead,Okta,2024-01-25T07:23:26Z
u147,Tom Singh,tom.singh.147@bank.tld,IT,active,IncidentResponder,SAP,2023-12-12T15:39:10Z
u22,David Hernandez,david.hernandez.22@bank.tld,Security,active,FinanceAnalyst,AzureAD,2024-05-30T10:12:33Z
u102,Lee Muller,lee.muller.102@bank.tld,DevOps,active,FinanceAnalyst,AzureAD,2024-07-22T18:35:22Z
u84,Liu Roy,liu.roy.84@bank.tld,Trading,active,MarketingAdmin,Workday,2023-08-15T08:07:32Z
u30,Sam Zhou,sam.zhou.30@bank.tld,Procurement,active,ProcurementViewer,SAP,2023-03-09T14:26:43Z
u41,Maya Novak,maya.novak.41@bank.tld,Finance,active,ProdDeployer,AWS,2023-02-19T07:33:36Z
u65,Kai Lin,kai.lin.65@bank.tld,Finance,active,DatabaseAdmin,Okta,2025-05-08T08:03:47Z
u121,Fatima Patel,fatima.patel.121@bank.tld,Security,active,BillingAdmin,SAP,2024-03-15T18:43:08Z
u145,Julia Zhou,julia.zhou.145@bank.tld,DevOps,active,AuditRead,Workday,2024-06-08T19:31:06Z
u101,Pablo White,pablo.white.101@bank.tld,IT,active,AuditRead,SAP,2023-01-12T02:00:44Z
u97,Victor Hernandez,victor.hernandez.97@bank.tld,DevOps,active,UserAdmin,AzureAD,2024-09-01T05:58:32Z
u40,Sofia Shah,sofia.shah.40@bank.tld,Security,active,SupportAdmin,SAP,2025-01-04T19:45:42Z
u116,Ben Patel,ben.patel.116@bank.tld,HR,active,TradingMonitor,AWS,2023-09-03T21:32:15Z
u139,Robert Ali,robert.ali.139@bank.tld,DevOps,active,SecurityAudit,Okta,2023-02-05T12:30:20Z
u121,Fatima Patel,fatima.patel.121@bank.tld,Security,active,SystemOverride,Okta,2024-11-09T16:56:50Z
u25,Fatima Rossi,fatima.rossi.25@bank.tld,Security,active,PlatformOwner,AzureAD,2023-06-05T06:30:18Z
u119,Nina Muller,nina.muller.119@bank.tld,IT,inactive,DataEngineer,Workday,2024-02-01T21:49:15Z
u76,Victor Brown,victor.brown.76@bank.tld,HR,active,DataDelete,Okta,2024-12-15T09:45:26Z
u99,Lee Adams,lee.adams.99@bank.tld,Finance,active,BillingAdmin,AzureAD,2025-12-18T08:14:14Z
u57,Sofia Nguyen,sofia.nguyen.57@bank.tld,Finance,active,VendorPayment,Workday,2024-04-12T20:52:18Z
u61,Rita Singh,rita.singh.61@bank.tld,HR,active,ProdDeployer,SAP,2025-01-25T11:27:27Z
u69,Kai White,kai.white.69@bank.tld,Security,inactive,ChangeManager,SAP,2023-01-12T12:21:11Z
u51,Robert Moreau,robert.moreau.51@bank.tld,Procurement,active,TradingDesk,Workday,2023-11-06T18:17:11Z
u135,Ian Patel,ian.patel.135@bank.tld,Security,active,NetworkAdmin,Workday,2024-10-03T00:08:03Z
u2,Zoe Khan,zoe.khan.2@bank.tld,Security,active,BillingAdmin,AWS,2025-02-02T22:53:42Z
u143,Kai Schmidt,kai.schmidt.143@bank.tld,IT,active,AssetManager,Workday,2023-08-02T12:11:34Z
u38,Sofia Nguyen,sofia.nguyen.38@bank.tld,Security,active,DatabaseAdmin,AWS,2025-02-13T18:46:08Z
u22,David Hernandez,david.hernandez.22@bank.tld,Security,active,DevOpsAdmin,AWS,2025-03-04T16:02:28Z
u40,Steve Muller,steve.muller.40@bank.tld,HR,active,DevOpsAdmin,AzureAD,2025-12-31T02:07:38Z
u73,Olga Singh,olga.singh.73@bank.tld,Finance,active,AssetManager,Workday,2023-05-13T19:17:54Z
u87,Zoe Morales,zoe.morales.87@bank.tld,Security,active,ComplianceReview,Workday,2023-08-27T00:31:52Z
u117,Rita Ivanov,rita.ivanov.117@bank.tld,Payments,active,SRE,Workday,2023-11-23T21:55:36Z
u91,Victor Kim,victor.kim.91@bank.tld,Audit,inactive,PaymentsAdmin,Okta,2024-02-21T04:47:36Z
u24,Nina Lopez,nina.lopez.24@bank.tld,Payments,active,ComplianceAdmin,Okta,2023-03-20T09:52:58Z
u73,Olga Singh,olga.singh.73@bank.tld,Finance,active,CloudOpsAdmin,AzureAD,2023-11-06T16:52:10Z
u95,Pablo Lopez,pablo.lopez.95@bank.tld,HR,active,DataRead,Workday,2024-01-19T14:34:59Z
u142,David Costa,david.costa.142@bank.tld,Procurement,inactive,DataEngineer,Workday,2023-09-30T00:20:52Z
u89,Robert Moreau,robert.moreau.89@bank.tld,IT,active,ProcurementViewer,AzureAD,2024-09-01T20:00:11Z
u150,Raj Sato,raj.sato.150@bank.tld,Finance,active,DataRead,Okta,2025-12-22T04:00:26Z
u71,Noah Adams,noah.adams.71@bank.tld,Payments,active,BudgetOwner,Okta,2023-03-09T01:23:26Z
u134,Tom Park,tom.park.134@bank.tld,IT,active,SRE,SAP,2024-11-21T17:53:42Z
u146,Sam Muller,sam.muller.146@bank.tld,Audit,active,DataEngineer,SAP,2024-06-10T15:17:28Z
u87,Zoe Morales,zoe.morales.87@bank.tld,Security,active,OktaSuperAdmin,Okta,2025-11-21T13:42:32Z
u105,Meera Schmidt,meera.schmidt.105@bank.tld,Audit,active,ComplianceReview,Okta,2025-04-22T12:31:09Z
u71,Noah Adams,noah.adams.71@bank.tld,Payments,active,NetworkAdmin,Okta,2024-05-18T16:08:21Z
u1,Sam Roy,sam.roy.1@bank.tld,Security,active,UserAdmin,Okta,2024-06-12T18:24:07Z
u94,Olga Tan,olga.tan.94@bank.tld,Audit,active,NetworkAdmin,AWS,2024-12-08T08:45:01Z
u97,Victor Hernandez,victor.hernandez.97@bank.tld,DevOps,active,DatabaseAdmin,Okta,2025-05-20T23:33:45Z
u111,Julia Moreau,julia.moreau.111@bank.tld,Security,active,PaymentsAdmin,Okta,2024-07-02T10:41:15Z
u17,Zoe Schmidt,zoe.schmidt.17@bank.tld,Trading,active,ProdDeployer,Workday,2023-03-07T16:26:36Z
u1,Sam Roy,sam.roy.1@bank.tld,Security,active,CloudOpsAdmin,SAP,2023-07-29T15:54:36Z
u49,Chris Moreau,chris.moreau.49@bank.tld,Procurement,active,RiskAnalyst,Workday,2023-10-03T01:31:52Z
u137,Noah Kim,noah.kim.137@bank.tld,DevOps,active,TradingMonitor,SAP,2024-06-25T10:48:39Z
u16,Ana Ali,ana.ali.16@bank.tld,DevOps,active,AssetManager,Okta,2024-10-04T04:20:54Z
u120,Ethan Silva,ethan.silva.120@bank.tld,Audit,active,OktaSuperAdmin,AWS,2024-03-21T14:07:46Z
u103,Marcus Tan,marcus.tan.103@bank.tld,IT,active,PaymentsAdmin,AWS,2025-12-11T18:42:50Z
u38,Grace Lin,grace.lin.38@bank.tld,Payments,active,FinanceApprover,Okta,2025-10-18T14:08:34Z
u27,Sofia Brown,sofia.brown.27@bank.tld,IT,active,DevOpsAdmin,SAP,2025-04-03T11:37:22Z
u74,Ibrahim Nguyen,ibrahim.nguyen.74@bank.tld,Procurement,active,OktaSuperAdmin,Workday,2023-01-13T12:46:56Z
u45,Zoe Muller,zoe.muller.45@bank.tld,IT,active,DataRead,Okta,2025-08-04T10:00:35Z
u100,Diana Khan,diana.khan.100@bank.tld,Trading,active,DataDelete,AWS,2024-01-05T21:43:49Z
u51,Robert Moreau,robert.moreau.51@bank.tld,Procurement,active,DatabaseAdmin,Workday,2024-02-06T19:26:34Z
u136,Karen Adams,karen.adams.136@bank.tld,Trading,active,AuditRead,AWS,2025-02-12T07:20:24Z
u132,Kai Hernandez,kai.hernandez.132@bank.tld,Procurement,active,IncidentResponder,AzureAD,2023-10-01T01:26:17Z
u97,Victor Hernandez,victor.hernandez.97@bank.tld,DevOps,active,ProdDeployer,Okta,2023-08-27T12:31:47Z
u102,Lee Muller,lee.muller.102@bank.tld,DevOps,active,ChangeManager,AWS,2023-04-26T11:59:16Z
u77,Chris Jones,chris.jones.77@bank.tld,Finance,active,MarketingAdmin,AWS,2023-02-28T13:35:21Z
u109,David Garcia,david.garcia.109@bank.tld,Security,active,FinanceAnalyst,Okta,2024-05-13T08:53:35Z
u82,Maya Hernandez,maya.hernandez.82@bank.tld,Security,active,ProcurementApproval,AWS,2024-07-08T16:13:08Z
u64,Liu Lopez,liu.lopez.64@bank.tld,Security,active,PayrollAdmin,AWS,2023-09-01T11:44:48Z
u58,Olga Schmidt,olga.schmidt.58@bank.tld,Audit,active,QAEngineer,Okta,2025-05-21T00:57:54Z
u139,Robert Ali,robert.ali.139@bank.tld,DevOps,active,AccessReviewer,AWS,2025-01-31T18:52:51Z
u96,Kai Khan,kai.khan.96@bank.tld,Finance,active,PayrollAdmin,AWS,2024-05-18T04:36:48Z
u108,Lee Ali,lee.ali.108@bank.tld,IT,active,AssetManager,AzureAD,2023-08-18T02:36:57Z
u134,Tom Park,tom.park.134@bank.tld,IT,active,DataEngineer,AzureAD,2024-07-04T21:58:15Z
u89,Robert Moreau,robert.moreau.89@bank.tld,IT,active,BudgetOwner,Okta,2024-11-24T00:13:23Z
u130,Pablo Shah,pablo.shah.130@bank.tld,Audit,active,RiskAnalyst,AzureAD,2025-07-05T11:06:44Z
u143,Kai Schmidt,kai.schmidt.143@bank.tld,IT,active,MarketingAdmin,Workday,2024-11-11T00:00:26Z
u85,Diana Adams,diana.adams.85@bank.tld,Finance,active,CRMWrite,AzureAD,2023-12-03T02:34:57Z
u27,Sofia Brown,sofia.brown.27@bank.tld,IT,active,PaymentsAdmin,AzureAD,2024-10-02T16:37:40Z
u136,Karen Adams,karen.adams.136@bank.tld,Trading,active,FinanceApprover,AzureAD,2023-03-01T23:11:14Z
u107,Hannah Chen,hannah.chen.107@bank.tld,Procurement,active,ComplianceAdmin,SAP,2025-04-04T03:07:35Z
u139,Robert Ali,robert.ali.139@bank.tld,DevOps,active,DatabaseAdmin,SAP,2025-02-21T20:43:41Z
u13,Ben Schmidt,ben.schmidt.13@bank.tld,Security,active,PlatformOwner,Workday,2024-09-11T07:07:39Z
u79,Fatima Ivanov,fatima.ivanov.79@bank.tld,Payments,active,DataEngineer,AzureAD,2025-08-10T07:47:42Z
u70,Kai Ivanov,kai.ivanov.70@bank.tld,DevOps,active,PayrollAdmin,Workday,2024-08-17T07:47:50Z
u143,Kai Schmidt,kai.schmidt.143@bank.tld,IT,active,OktaSuperAdmin,Okta,2023-05-04T02:18:19Z
u78,Victor Novak,victor.novak.78@bank.tld,Security,active,FinanceAnalyst,AWS,2025-03-11T14:19:19Z
u72,Sam Ali,sam.ali.72@bank.tld,Procurement,active,SecurityAudit,AzureAD,2024-10-02T15:18:16Z
u11,Ivy Morales,ivy.morales.11@bank.tld,IT,active,TradingMonitor,SAP,2024-12-24T11:53:10Z
u133,Ethan Kim,ethan.kim.133@bank.tld,IT,inactive,SRE,Okta,2025-07-31T12:11:38Z
u95,Pablo Lopez,pablo.lopez.95@bank.tld,HR,active,AuditRead,Workday,2023-11-19T15:03:22Z
u34,Hannah Silva,hannah.silva.34@bank.tld,Security,active,AWS_Admin,AWS,2024-03-31T08:45:23Z
u13,Ben Schmidt,ben.schmidt.13@bank.tld,Security,active,NetworkAdmin,AWS,2023-10-08T08:08:23Z
u79,Fatima Ivanov,fatima.ivanov.79@bank.tld,Payments,active,MarketingAdmin,AzureAD,2023-04-02T19:57:52Z
u110,Diana White,diana.white.110@bank.tld,Security,active,CloudOpsAdmin,Workday,2025-03-28T05:20:11Z
u42,Raj Adams,raj.adams.42@bank.tld,IT,active,AWS_Admin,AzureAD,2025-10-10T04:31:33Z
u5,Nina White,nina.white.5@bank.tld,Trading,active,SRE,AWS,2023-07-31T21:42:17Z
u47,Ibrahim Garcia,ibrahim.garcia.47@bank.tld,DevOps,active,ComplianceAdmin,AzureAD,2023-11-15T13:32:27Z
u39,Kai Ali,kai.ali.39@bank.tld,IT,active,LegalReviewer,SAP,2023-09-03T08:29:25Z
u25,Fatima Rossi,fatima.rossi.25@bank.tld,Security,active,FinanceApprover,Okta,2023-04-25T16:32:29Z
u116,Ben Patel,ben.patel.116@bank.tld,HR,active,AppDeveloper,AzureAD,2023-02-03T01:45:05Z
u9,Marcus Sato,marcus.sato.9@bank.tld,Security,active,FinanceApprover,Okta,2023-12-27T01:17:11Z
u97,Kai Shah,kai.shah.97@bank.tld,Trading,inactive,DevOpsAdmin,AzureAD,2024-04-03T13:23:10Z
u51,Olga Park,olga.park.51@bank.tld,Audit,active,VendorPayment,SAP,2024-10-28T03:45:57Z
u87,Zoe Morales,zoe.morales.87@bank.tld,Security,active,TradingMonitor,AzureAD,2023-04-25T10:22:49Z
u19,Luca Khan,luca.khan.19@bank.tld,Finance,active,UserAdmin,Workday,2024-12-08T07:36:41Z
u3,Chris Park,chris.park.3@bank.tld,Trading,inactive,SecurityAudit,Workday,2025-07-13T18:10:01Z
u98,Olga Zhou,olga.zhou.98@bank.tld,DevOps,inactive,HRManager,AWS,2023-07-28T02:47:29Z
u74,Ibrahim Nguyen,ibrahim.nguyen.74@bank.tld,Procurement,active,CRMWrite,Okta,2025-07-16T20:07:17Z
u14,Victor White,victor.white.14@bank.tld,Security,active,DataDelete,Okta,2024-10-19T14:41:29Z
u75,Diana Morales,diana.morales.75@bank.tld,Procurement,active,SRE,Workday,2023-06-27T13:46:19Z
u56,Diana Novak,diana.novak.56@bank.tld,Security,active,SupportAdmin,Workday,2025-12-19T12:31:07Z
u57,Sofia Nguyen,sofia.nguyen.57@bank.tld,Finance,active,ExpenseApprover,AzureAD,2025-12-24T00:14:34Z
u140,Ethan Morales,ethan.morales.140@bank.tld,HR,active,AuditRead,AzureAD,2023-08-12T12:09:59Z
u16,Ana Ali,ana.ali.16@bank.tld,DevOps,active,HRManager,AzureAD,2025-06-26T09:35:44Z
u10,Pablo Novak,pablo.novak.10@bank.tld,HR,active,DatabaseAdmin,Workday,2024-12-31T10:32:22Z
u25,Fatima Rossi,fatima.rossi.25@bank.tld,Security,active,HRManager,SAP,2025-08-17T13:00:15Z
u23,Ian Muller,ian.muller.23@bank.tld,Audit,active,ExpenseApprover,Workday,2025-03-30T23:28:36Z
u80,Yara Kim,yara.kim.80@bank.tld,IT,active,ComplianceReview,AWS,2024-11-23T05:39:37Z
u54,Ivy Schmidt,ivy.schmidt.54@bank.tld,Audit,active,BillingAdmin,SAP,2023-12-18T22:51:42Z
u77,Kai Garcia,kai.garcia.77@bank.tld,Payments,active,RiskAnalyst,AWS,2024-02-24T14:50:54Z
u85,Meera Jones,meera.jones.85@bank.tld,Procurement,active,ComplianceAdmin,Workday,2023-09-19T17:32:38Z
u14,Victor White,victor.white.14@bank.tld,Security,active,OktaSuperAdmin,Okta,2024-09-06T04:25:21Z
u143,Kai Schmidt,kai.schmidt.143@bank.tld,IT,active,CRMWrite,AWS,2024-07-19T01:36:04Z
u4,Tom Lopez,tom.lopez.4@bank.tld,Trading,active,Root,AWS,2024-11-26T06:22:31Z
u139,Robert Ali,robert.ali.139@bank.tld,DevOps,active,ComplianceAdmin,Okta,2023-09-24T12:09:16Z
u85,Ben Sato,ben.sato.85@bank.tld,Payments,inactive,MarketingAdmin,Okta,2023-03-08T14:42:54Z
u31,Ethan Adams,ethan.adams.31@bank.tld,Payments,active,SRE,Okta,2023-03-18T15:59:00Z
u75,Diana Morales,diana.morales.75@bank.tld,Procurement,active,SecurityAudit,Workday,2023-07-29T20:18:44Z
u113,Pablo Novak,pablo.novak.113@bank.tld,Payments,active,DataRead,AzureAD,2023-06-26T01:15:26Z
u65,Kai Lin,kai.lin.65@bank.tld,Finance,active,CRMWrite,Okta,2024-11-01T22:57:12Z
u46,Ivy Khan,ivy.khan.46@bank.tld,Procurement,active,LegalReviewer,AzureAD,2023-02-12T00:39:22Z
u100,Diana Khan,diana.khan.100@bank.tld,Trading,active,ChangeManager,AzureAD,2025-04-17T16:33:39Z
u50,Diana Silva,diana.silva.50@bank.tld,IT,active,SystemOverride,SAP,2025-09-29T09:25:13Z
u57,Sofia Nguyen,sofia.nguyen.57@bank.tld,Finance,active,BudgetOwner,AWS,2023-08-04T15:04:19Z
u30,Sam Zhou,sam.zhou.30@bank.tld,Procurement,active,BudgetOwner,AWS,2025-04-10T15:44:18Z
u18,Raj Adams,raj.adams.18@bank.tld,Procurement,active,DataRead,SAP,2025-10-18T01:55:04Z
u86,Luca Patel,luca.patel.86@bank.tld,Procurement,active,AppDeveloper,AzureAD,2024-09-27T16:50:37Z
u7,Olga Muller,olga.muller.7@bank.tld,Payments,active,TradingMonitor,AWS,2024-12-25T07:35:53Z
u111,Julia Moreau,julia.moreau.111@bank.tld,Security,active,DataEngineer,SAP,2024-08-09T03:26:57Z
u49,Chris Moreau,chris.moreau.49@bank.tld,Procurement,active,TradingMonitor,SAP,2024-05-29T16:36:01Z
u127,Raj Morales,raj.morales.127@bank.tld,HR,inactive,ComplianceAdmin,AWS,2024-08-05T13:35:42Z
u88,Sam Garcia,sam.garcia.88@bank.tld,IT,active,OktaSuperAdmin,Okta,2023-03-25T03:21:36Z
u41,Maya Novak,maya.novak.41@bank.tld,Finance,active,MarketingAdmin,SAP,2023-04-12T13:31:07Z
u144,Kai Rossi,kai.rossi.144@bank.tld,IT,active,FinanceAnalyst,SAP,2025-08-19T21:29:52Z
u145,Julia Zhou,julia.zhou.145@bank.tld,DevOps,active,DataDelete,Workday,2023-11-22T12:19:01Z
u102,Maya Silva,maya.silva.102@bank.tld,Payments,active,CRMWrite,SAP,2023-02-19T09:54:14Z
u28,Ethan Moreau,ethan.moreau.28@bank.tld,Audit,active,SRE,AzureAD,2025-07-30T20:06:50Z
u82,Chris Tan,chris.tan.82@bank.tld,Finance,active,PaymentsAdmin,AWS,2023-01-07T01:47:55Z
u117,Rita Ivanov,rita.ivanov.117@bank.tld,Payments,active,AWS_Admin,SAP,2023-11-17T15:16:28Z
u111,Julia Moreau,julia.moreau.111@bank.tld,Security,active,DataRead,Okta,2023-02-19T09:55:24Z
u75,Diana Morales,diana.morales.75@bank.tld,Procurement,active,AssetManager,Okta,2023-07-13T13:01:58Z
u67,Noah Park,noah.park.67@bank.tld,Trading,active,ChangeManager,AzureAD,2025-10-26T16:54:16Z
u58,Olga Schmidt,olga.schmidt.58@bank.tld,Audit,active,IncidentResponder,AzureAD,2025-01-25T21:43:40Z
u133,Ethan Kim,ethan.kim.133@bank.tld,IT,inactive,ProcurementViewer,SAP,2023-08-05T08:06:35Z
u116,Ben Patel,ben.patel.116@bank.tld,HR,active,FinanceApprover,Okta,2025-03-10T22:58:55Z
u49,Chris Moreau,chris.moreau.49@bank.tld,Procurement,active,ProcurementViewer,Workday,2023-12-31T16:44:07Z
u80,Yara Kim,yara.kim.80@bank.tld,IT,active,IncidentResponder,AzureAD,2023-05-28T02:23:19Z
u4,Tom Lopez,tom.lopez.4@bank.tld,Trading,active,LegalReviewer,AWS,2025-03-01T08:26:30Z
u119,Nina Muller,nina.muller.119@bank.tld,IT,inactive,TradingDesk,Workday,2024-11-23T22:20:32Z
u149,Fatima Brown,fatima.brown.149@bank.tld,Procurement,active,DataDelete,AWS,2025-04-08T15:39:36Z
u36,Amelia Patel,amelia.patel.36@bank.tld,Finance,inactive,RiskAnalyst,SAP,2023-11-17T21:56:53Z
u91,Ethan Patel,ethan.patel.91@bank.tld,IT,active,DataEngineer,Okta,2025-06-03T01:01:07Z
u31,Sam Adams,sam.adams.31@bank.tld,Procurement,active,SRE,Workday,2025-07-28T15:56:22Z
u55,Lina Ivanov,lina.ivanov.55@bank.tld,Finance,active,VendorPayment,Okta,2025-11-20T21:04:19Z
u107,Hannah Singh,hannah.singh.107@bank.tld,Trading,inactive,AssetManager,Workday,2023-05-17T14:58:34Z
u46,Kai Garcia,kai.garcia.46@bank.tld,IT,active,CRMWrite,Workday,2025-07-18T01:48:04Z
u117,Rita Ivanov,rita.ivanov.117@bank.tld,Payments,active,CloudOpsAdmin,AWS,2024-06-17T10:32:37Z
u8,Karen Singh,karen.singh.8@bank.tld,Audit,active,ExpenseApprover,AWS,2023-04-05T23:23:49Z
u112,Raj Nguyen,raj.nguyen.112@bank.tld,IT,active,AccessReviewer,AWS,2023-07-09T05:02:42Z
u23,Ian Muller,ian.muller.23@bank.tld,Audit,active,CRMWrite,SAP,2023-08-10T13:29:21Z
u148,Ana Patel,ana.patel.148@bank.tld,Security,active,AccessReviewer,AzureAD,2024-03-10T19:10:35Z
u95,Pablo Lopez,pablo.lopez.95@bank.tld,HR,active,ProdDeployer,AWS,2024-10-13T17:24:31Z
u144,Kai Rossi,kai.rossi.144@bank.tld,IT,active,NetworkAdmin,Okta,2023-02-21T17:12:16Z
u12,Amelia Garcia,amelia.garcia.12@bank.tld,Payments,active,CloudOpsAdmin,Workday,2024-05-29T23:23:25Z
u135,Ian Patel,ian.patel.135@bank.tld,Security,active,ExpenseApprover,SAP,2024-05-19T08:32:18Z
u118,Diana Park,diana.park.118@bank.tld,Security,active,BudgetOwner,AzureAD,2025-04-25T13:21:50Z
u2,Zoe Khan,zoe.khan.2@bank.tld,Security,active,OktaSuperAdmin,AWS,2025-03-18T06:28:14Z
u58,Olga Schmidt,olga.schmidt.58@bank.tld,Audit,active,AssetManager,Workday,2023-10-28T09:05:29Z
u8,Karen Shah,karen.shah.8@bank.tld,IT,active,LegalReviewer,AzureAD,2023-03-16T01:20:50Z
u150,Raj Sato,raj.sato.150@bank.tld,Finance,active,CloudOpsAdmin,Workday,2023-10-07T12:16:38Z
u49,Chris Moreau,chris.moreau.49@bank.tld,Procurement,active,ExpenseApprover,SAP,2024-05-13T01:44:19Z
u60,Steve Singh,steve.singh.60@bank.tld,Trading,active,PlatformOwner,AzureAD,2024-06-27T08:38:23Z
u137,Noah Kim,noah.kim.137@bank.tld,DevOps,active,IncidentResponder,Workday,2023-02-04T15:13:25Z
u17,Zoe Schmidt,zoe.schmidt.17@bank.tld,Trading,active,OktaSuperAdmin,SAP,2024-05-23T05:28:05Z
u119,Nina Muller,nina.muller.119@bank.tld,IT,inactive,HRManager,SAP,2025-08-29T02:46:32Z
u75,Diana Morales,diana.morales.75@bank.tld,Procurement,active,HRManager,AzureAD,2025-01-28T08:12:46Z
u117,Rita Ivanov,rita.ivanov.117@bank.tld,Payments,active,Root,SAP,2025-02-19T12:02:43Z
u18,Raj Adams,raj.adams.18@bank.tld,Procurement,active,ExpenseApprover,Okta,2024-04-07T16:52:38Z
u40,Sofia Shah,sofia.shah.40@bank.tld,Security,active,CloudOpsAdmin,SAP,2023-04-11T07:24:12Z
u29,David Chen,david.chen.29@bank.tld,HR,inactive,TradingDesk,AWS,2024-04-28T00:32:24Z
u132,Kai Hernandez,kai.hernandez.132@bank.tld,Procurement,active,VendorPayment,SAP,2024-03-25T02:15:38Z
u84,Liu Roy,liu.roy.84@bank.tld,Trading,active,DevOpsAdmin,Okta,2025-05-06T22:53:53Z
u113,Pablo Novak,pablo.novak.113@bank.tld,Payments,active,ExpenseApprover,Workday,2025-08-01T21:24:31Z
u57,Sofia Nguyen,sofia.nguyen.57@bank.tld,Finance,active,Root,Workday,2024-01-16T20:57:47Z
u13,Meera Garcia,meera.garcia.13@bank.tld,Procurement,active,DatabaseAdmin,AWS,2025-07-25T16:36:04Z
u96,Kai Khan,kai.khan.96@bank.tld,Finance,active,AssetManager,Okta,2023-08-17T03:58:05Z
u118,Alex Lin,alex.lin.118@bank.tld,Audit,active,ProdDeployer,Workday,2025-03-14T07:57:11Z
u26,Alex Roy,alex.roy.26@bank.tld,Finance,active,AuditRead,Okta,2024-08-05T10:23:25Z
u129,Noah White,noah.white.129@bank.tld,Procurement,active,DataRead,Okta,2024-11-16T12:10:42Z
u67,Noah Park,noah.park.67@bank.tld,Trading,active,PayrollAdmin,AzureAD,2025-11-18T06:58:01Z
u75,Julia Adams,julia.adams.75@bank.tld,HR,active,FinanceApprover,AzureAD,2023-02-24T15:17:13Z
u124,Diana Adams,diana.adams.124@bank.tld,Procurement,active,HRManager,AWS,2024-01-20T00:43:49Z
u55,Lina Ivanov,lina.ivanov.55@bank.tld,Finance,active,AppDeveloper,SAP,2025-05-17T04:24:08Z
u96,Kai Khan,kai.khan.96@bank.tld,Finance,active,PlatformOwner,AzureAD,2024-03-16T10:14:51Z
u69,Kai White,kai.white.69@bank.tld,Security,inactive,Root,AzureAD,2024-04-04T11:18:28Z
u139,Chris Zhou,chris.zhou.139@bank.tld,Security,active,PayrollAdmin,SAP,2024-03-18T04:30:10Z
u32,Nina Shah,nina.shah.32@bank.tld,Security,inactive,SystemOverride,Okta,2023-05-24T10:29:49Z
u138,Yara Kim,yara.kim.138@bank.tld,IT,active,SecurityAudit,AzureAD,2024-06-18T11:27:12Z
u81,David Rossi,david.rossi.81@bank.tld,Payments,active,DevOpsAdmin,Workday,2025-08-18T22:25:51Z
u100,Diana Khan,diana.khan.100@bank.tld,Trading,active,QAEngineer,AWS,2023-02-28T13:20:39Z
u23,Ian Muller,ian.muller.23@bank.tld,Audit,active,DataRead,Okta,2023-06-14T07:21:45Z
u93,Victor Moreau,victor.moreau.93@bank.tld,Trading,active,AWS_Admin,SAP,2025-09-26T06:40:09Z
u79,Fatima Ivanov,fatima.ivanov.79@bank.tld,Payments,active,AWS_Admin,AzureAD,2023-11-06T08:41:44Z
u93,Omar Lin,omar.lin.93@bank.tld,Finance,active,FinanceAnalyst,Workday,2025-12-23T18:34:30Z
u89,Robert Moreau,robert.moreau.89@bank.tld,IT,active,SecurityAudit,Workday,2024-12-08T20:30:00Z
u41,Meera Park,meera.park.41@bank.tld,Security,active,ProcurementApproval,AWS,2024-09-06T01:13:40Z
u91,Victor Kim,victor.kim.91@bank.tld,Audit,inactive,TradingMonitor,AWS,2024-09-24T20:08:46Z
u111,Julia Moreau,julia.moreau.111@bank.tld,Security,active,PayrollAdmin,AWS,2025-09-22T12:28:01Z
u110,Diana White,diana.white.110@bank.tld,Security,active,TradingMonitor,Workday,2024-07-12T02:41:07Z
u26,Alex Roy,alex.roy.26@bank.tld,Finance,active,DataEngineer,AWS,2024-04-24T19:39:46Z
u45,Zoe Muller,zoe.muller.45@bank.tld,IT,active,RiskAnalyst,Workday,2025-01-16T21:08:55Z
u146,Sam Muller,sam.muller.146@bank.tld,Audit,active,CloudOpsAdmin,Okta,2023-05-24T17:46:22Z
u70,Kai Ivanov,kai.ivanov.70@bank.tld,DevOps,active,AssetManager,SAP,2025-04-22T18:17:36Z
u140,Meera Singh,meera.singh.140@bank.tld,HR,active,FinanceApprover,AWS,2023-09-08T05:41:35Z
u38,David Shah,david.shah.38@bank.tld,Finance,active,CRMWrite,Workday,2024-07-06T08:42:15Z
u113,Pablo Novak,pablo.novak.113@bank.tld,Payments,active,LegalReviewer,Workday,2025-01-08T00:42:41Z
u83,Ben Hernandez,ben.hernandez.83@bank.tld,Procurement,active,QAEngineer,AWS,2024-02-07T17:16:36Z
u41,Maya Novak,maya.novak.41@bank.tld,Finance,active,DataEngineer,Okta,2025-12-03T13:14:26Z
u95,Pablo Lopez,pablo.lopez.95@bank.tld,HR,active,AccessReviewer,SAP,2025-02-03T08:17:48Z
u67,Noah Park,noah.park.67@bank.tld,Trading,active,OktaSuperAdmin,AzureAD,2025-08-26T07:27:21Z
u131,Steve Garcia,steve.garcia.131@bank.tld,Audit,active,IncidentResponder,AzureAD,2023-07-24T13:44:18Z
u145,Olga Nguyen,olga.nguyen.145@bank.tld,IT,active,BillingAdmin,Okta,2024-10-25T15:22:57Z
u127,Raj Morales,raj.morales.127@bank.tld,HR,inactive,SupportAdmin,AWS,2025-03-30T11:58:49Z
u64,Liu Lopez,liu.lopez.64@bank.tld,Security,active,QAEngineer,SAP,2024-10-01T13:59:21Z
u138,Yara Kim,yara.kim.138@bank.tld,IT,active,DatabaseAdmin,Okta,2024-11-25T00:05:49Z
u15,Ivy Costa,ivy.costa.15@bank.tld,Payments,active,DevOpsAdmin,AWS,2025-07-04T04:42:49Z
u92,Ben Shah,ben.shah.92@bank.tld,Trading,active,DevOpsAdmin,Workday,2023-01-11T03:40:37Z
u27,Sofia Brown,sofia.brown.27@bank.tld,IT,active,IncidentResponder,AzureAD,2023-06-06T21:25:11Z
u100,Diana Khan,diana.khan.100@bank.tld,Trading,active,CRMWrite,AWS,2023-02-26T13:02:15Z
u65,Alex Chen,alex.chen.65@bank.tld,HR,active,AssetManager,Okta,2025-12-20T01:19:37Z
u7,Olga Muller,olga.muller.7@bank.tld,Payments,active,RiskAnalyst,Workday,2025-12-31T14:00:39Z
u134,Tom Park,tom.park.134@bank.tld,IT,active,CRMWrite,AWS,2025-11-23T05:43:27Z
u8,Karen Singh,karen.singh.8@bank.tld,Audit,active,ProcurementApproval,Workday,2024-11-18T09:34:22Z
u32,Nina Shah,nina.shah.32@bank.tld,Security,inactive,BillingAdmin,Workday,2023-03-27T17:19:16Z
u3,David White,david.white.3@bank.tld,Finance,active,NetworkAdmin,AzureAD,2025-09-10T10:20:40Z
u13,Ben Schmidt,ben.schmidt.13@bank.tld,Security,active,FinanceApprover,SAP,2024-05-18T04:51:02Z
u94,Olga Tan,olga.tan.94@bank.tld,Audit,active,ProdDeployer,SAP,2023-04-01T02:31:29Z
u103,Marcus Tan,marcus.tan.103@bank.tld,IT,active,AppDeveloper,SAP,2025-07-09T17:33:20Z
u97,Victor Hernandez,victor.hernandez.97@bank.tld,DevOps,active,OktaSuperAdmin,Workday,2023-06-11T00:43:51Z
u9,Marcus Sato,marcus.sato.9@bank.tld,Security,active,PlatformOwner,AzureAD,2023-08-05T08:04:47Z
u148,Ana Patel,ana.patel.148@bank.tld,Security,active,PlatformOwner,Okta,2023-10-12T04:39:28Z
u13,Ben Schmidt,ben.schmidt.13@bank.tld,Security,active,OktaSuperAdmin,SAP,2024-01-20T06:15:37Z
u115,Meera Park,meera.park.115@bank.tld,Finance,active,BudgetOwner,Okta,2025-11-25T06:07:58Z
u108,Kai Ali,kai.ali.108@bank.tld,Procurement,active,FinanceApprover,AWS,2025-09-24T16:13:38Z
u46,Ivy Khan,ivy.khan.46@bank.tld,Procurement,active,SecurityAudit,Okta,2025-02-11T12:58:54Z
u81,David Rossi,david.rossi.81@bank.tld,Payments,active,BudgetOwner,Workday,2024-03-20T18:26:10Z
u34,Hannah Silva,hannah.silva.34@bank.tld,Security,active,BudgetOwner,AzureAD,2023-11-21T13:21:58Z
u134,Tom Rossi,tom.rossi.134@bank.tld,HR,active,AuditRead,Okta,2023-08-05T01:27:31Z
u75,Nina Muller,nina.muller.75@bank.tld,Payments,active,AccessReviewer,Workday,2024-02-24T00:10:56Z
u62,Rita Brown,rita.brown.62@bank.tld,Security,active,ProcurementApproval,SAP,2025-10-17T00:20:18Z
u131,Steve Garcia,steve.garcia.131@bank.tld,Audit,active,SupportAdmin,Workday,2024-09-12T05:29:06Z
u10,Pablo Novak,pablo.novak.10@bank.tld,HR,active,UserAdmin,Okta,2023-12-24T10:26:56Z
u47,Ibrahim Garcia,ibrahim.garcia.47@bank.tld,DevOps,active,SystemOverride,Okta,2025-04-17T03:20:45Z
u123,Steve Silva,steve.silva.123@bank.tld,Trading,active,VendorPayment,SAP,2024-01-05T02:57:26Z
u74,Ibrahim Nguyen,ibrahim.nguyen.74@bank.tld,Procurement,active,FinanceAnalyst,Workday,2025-09-26T06:44:04Z
u39,Kai Ali,kai.ali.39@bank.tld,IT,active,SRE,Okta,2023-08-04T12:41:41Z
u29,David Chen,david.chen.29@bank.tld,HR,inactive,Root,SAP,2025-01-04T17:08:26Z
u81,David Rossi,david.rossi.81@bank.tld,Payments,active,ComplianceReview,AWS,2023-08-03T02:58:07Z
u136,Karen Adams,karen.adams.136@bank.tld,Trading,active,PayrollAdmin,SAP,2023-08-05T15:05:27Z
u40,Sofia Shah,sofia.shah.40@bank.tld,Security,active,DataDelete,Workday,2023-08-11T02:21:05Z
u50,Karen Shah,karen.shah.50@bank.tld,Procurement,active,PaymentsAdmin,AzureAD,2025-10-30T22:29:26Z
u144,Kai Rossi,kai.rossi.144@bank.tld,IT,active,QAEngineer,AzureAD,2024-10-10T21:04:09Z
u32,Nina Shah,nina.shah.32@bank.tld,Security,inactive,RiskAnalyst,AzureAD,2025-12-12T15:03:41Z
u104,Raj Park,raj.park.104@bank.tld,Security,active,FinanceAnalyst,Workday,2023-05-05T23:37:27Z
u97,Yara Khan,yara.khan.97@bank.tld,Payments,active,HRManager,AzureAD,2025-02-02T21:47:40Z
u17,Zoe Schmidt,zoe.schmidt.17@bank.tld,Trading,active,ProcurementApproval,Okta,2023-08-16T21:00:05Z
u71,Noah Adams,noah.adams.71@bank.tld,Payments,active,TradingDesk,SAP,2023-09-30T07:23:08Z
u65,Kai Lin,kai.lin.65@bank.tld,Finance,active,AuditRead,Workday,2023-01-30T12:31:34Z
u33,Ethan Lopez,ethan.lopez.33@bank.tld,Audit,active,DataEngineer,AWS,2025-08-03T13:23:39Z
u90,Diana Jones,diana.jones.90@bank.tld,DevOps,active,ProcurementViewer,SAP,2025-07-21T23:23:22Z
u82,David Kim,david.kim.82@bank.tld,HR,active,SystemOverride,Okta,2024-04-29T00:31:54Z
u31,Sam Adams,sam.adams.31@bank.tld,Procurement,active,TradingDesk,AWS,2024-04-04T04:53:29Z
u19,Luca Khan,luca.khan.19@bank.tld,Finance,active,Root,Okta,2023-04-20T13:12:11Z
u12,Amelia Garcia,amelia.garcia.12@bank.tld,Payments,active,AWS_Admin,Workday,2023-10-19T09:09:36Z
u76,Victor Brown,victor.brown.76@bank.tld,HR,active,ProcurementApproval,AzureAD,2025-11-23T17:55:12Z
u146,Sam Muller,sam.muller.146@bank.tld,Audit,active,SupportAdmin,AzureAD,2023-01-16T15:59:25Z
u125,Karen Hernandez,karen.hernandez.125@bank.tld,Finance,active,UserAdmin,AWS,2025-01-28T00:07:33Z
u12,Amelia Garcia,amelia.garcia.12@bank.tld,Payments,active,UserAdmin,SAP,2024-11-11T22:39:05Z
u60,Marcus Novak,marcus.novak.60@bank.tld,Security,active,DataDelete,AzureAD,2023-02-07T19:37:00Z
u144,Kai Rossi,kai.rossi.144@bank.tld,IT,active,OktaSuperAdmin,AWS,2024-11-10T10:30:37Z
u117,Rita Ivanov,rita.ivanov.117@bank.tld,Payments,active,PayrollAdmin,AzureAD,2023-10-01T02:49:47Z
u121,Fatima Patel,fatima.patel.121@bank.tld,Security,active,ExpenseApprover,AzureAD,2024-08-02T20:05:40Z
u125,Karen Hernandez,karen.hernandez.125@bank.tld,Finance,active,ChangeManager,AzureAD,2025-03-08T09:30:05Z
u126,Hannah Rossi,hannah.rossi.126@bank.tld,IT,active,DevOpsAdmin,AzureAD,2024-10-24T10:26:13Z
u141,Diana Moreau,diana.moreau.141@bank.tld,Procurement,active,PayrollAdmin,AzureAD,2024-01-24T19:42:16Z
u93,Victor Moreau,victor.moreau.93@bank.tld,Trading,active,UserAdmin,AzureAD,2025-03-19T21:01:04Z
u79,Fatima Ivanov,fatima.ivanov.79@bank.tld,Payments,active,VendorPayment,SAP,2025-02-03T04:05:53Z
u19,Luca Khan,luca.khan.19@bank.tld,Finance,active,FinanceApprover,AWS,2025-01-23T18:52:17Z
u130,Pablo Shah,pablo.shah.130@bank.tld,Audit,active,DevOpsAdmin,Workday,2023-07-05T20:47:28Z
u74,Nina Chen,nina.chen.74@bank.tld,Finance,active,DataDelete,AWS,2023-02-13T13:43:40Z
u11,Robert Moreau,robert.moreau.11@bank.tld,Payments,inactive,FinanceAnalyst,AWS,2023-04-08T01:20:52Z
u133,Ethan Kim,ethan.kim.133@bank.tld,IT,inactive,RiskAnalyst,Workday,2024-01-04T10:22:14Z
u30,Sam Zhou,sam.zhou.30@bank.tld,Procurement,active,ProcurementApproval,Okta,2025-02-27T09:02:57Z
u135,Ian Patel,ian.patel.135@bank.tld,Security,active,ProcurementViewer,AWS,2024-08-16T17:16:24Z
u96,Kai Khan,kai.khan.96@bank.tld,Finance,active,BudgetOwner,AWS,2023-06-05T09:04:37Z
u48,Victor Rossi,victor.rossi.48@bank.tld,IT,inactive,FinanceApprover,Okta,2024-01-21T04:49:11Z
u67,Noah Park,noah.park.67@bank.tld,Trading,active,TradingMonitor,AWS,2025-09-26T00:25:06Z
u115,Zoe Shah,zoe.shah.115@bank.tld,Audit,inactive,AppDeveloper,AWS,2024-01-23T23:13:22Z
u91,Victor Kim,victor.kim.91@bank.tld,Audit,inactive,DatabaseAdmin,SAP,2023-06-08T08:04:52Z
u38,David Shah,david.shah.38@bank.tld,Finance,active,ProcurementApproval,Okta,2025-12-27T03:32:57Z
u149,Fatima Brown,fatima.brown.149@bank.tld,Procurement,active,ChangeManager,AWS,2023-03-02T07:58:37Z
u17,Zoe Schmidt,zoe.schmidt.17@bank.tld,Trading,active,RiskAnalyst,AWS,2023-06-08T17:25:19Z
u118,Diana Park,diana.park.118@bank.tld,Security,active,Root,Okta,2025-02-12T15:08:12Z
u90,Diana Jones,diana.jones.90@bank.tld,DevOps,active,FinanceApprover,SAP,2025-09-21T12:54:21Z
u126,Hannah Rossi,hannah.rossi.126@bank.tld,IT,active,BillingAdmin,Okta,2025-06-10T20:23:23Z
u69,Kai White,kai.white.69@bank.tld,Security,inactive,PaymentsAdmin,Okta,2023-10-19T22:37:48Z
u99,Lee Adams,lee.adams.99@bank.tld,Finance,active,AppDeveloper,Okta,2023-07-18T08:05:25Z
u106,Ethan Lin,ethan.lin.106@bank.tld,Finance,active,ChangeManager,AzureAD,2025-04-13T13:12:11Z
u106,Ethan Lin,ethan.lin.106@bank.tld,Finance,active,DataDelete,AWS,2023-07-24T12:53:41Z
u139,Robert Ali,robert.ali.139@bank.tld,DevOps,active,UserAdmin,Okta,2024-08-09T16:17:29Z
u110,Diana White,diana.white.110@bank.tld,Security,active,TradingDesk,AzureAD,2025-08-01T19:35:10Z
u62,Rita Brown,rita.brown.62@bank.tld,Security,active,SRE,SAP,2025-01-16T20:03:45Z
u54,Sofia Novak,sofia.novak.54@bank.tld,DevOps,active,ProcurementApproval,Okta,2025-12-18T09:03:57Z
u119,Nina Muller,nina.muller.119@bank.tld,IT,inactive,MarketingAdmin,SAP,2025-01-17T01:01:18Z
u13,Ben Schmidt,ben.schmidt.13@bank.tld,Security,active,AWS_Admin,AzureAD,2025-03-22T05:02:44Z
u36,Amelia Patel,amelia.patel.36@bank.tld,Finance,inactive,SRE,SAP,2024-02-24T01:51:06Z
u24,Nina Lopez,nina.lopez.24@bank.tld,Payments,active,PlatformOwner,SAP,2023-06-28T23:31:40Z
u94,Olga Tan,olga.tan.94@bank.tld,Audit,active,PlatformOwner,Okta,2025-06-10T22:47:19Z
u39,Kai Ali,kai.ali.39@bank.tld,IT,active,BudgetOwner,SAP,2024-12-14T06:16:14Z
u137,Noah Kim,noah.kim.137@bank.tld,DevOps,active,AccessReviewer,AzureAD,2023-11-13T07:58:57Z
u39,Kai Ali,kai.ali.39@bank.tld,IT,active,TradingDesk,SAP,2024-03-26T12:18:16Z
u52,Fatima Moreau,fatima.moreau.52@bank.tld,IT,active,ExpenseApprover,SAP,2024-10-02T21:43:03Z
u137,Noah Kim,noah.kim.137@bank.tld,DevOps,active,DatabaseAdmin,Okta,2024-12-31T03:20:27Z
u121,Fatima Patel,fatima.patel.121@bank.tld,Security,active,MarketingAdmin,AWS,2023-11-12T06:25:17Z
u24,Nina Lopez,nina.lopez.24@bank.tld,Payments,active,VendorPayment,AWS,2024-03-14T21:01:21Z
u143,Kai Schmidt,kai.schmidt.143@bank.tld,IT,active,DataDelete,SAP,2023-08-28T00:39:46Z
u52,Fatima Moreau,fatima.moreau.52@bank.tld,IT,active,ChangeManager,AWS,2025-04-30T08:40:21Z
u103,Marcus Tan,marcus.tan.103@bank.tld,IT,active,TradingDesk,SAP,2025-06-01T19:12:35Z
u132,Kai Hernandez,kai.hernandez.132@bank.tld,Procurement,active,CRMWrite,Okta,2025-01-12T23:38:53Z
u83,Ben Hernandez,ben.hernandez.83@bank.tld,Procurement,active,AuditRead,Workday,2023-11-24T09:35:47Z
u57,Sofia Nguyen,sofia.nguyen.57@bank.tld,Finance,active,ComplianceReview,Workday,2024-12-22T04:28:41Z
u2,Zoe Khan,zoe.khan.2@bank.tld,Security,active,DataEngineer,Okta,2024-05-05T03:44:41Z
u38,David Shah,david.shah.38@bank.tld,Finance,active,IncidentResponder,AzureAD,2025-06-08T20:24:49Z
u130,Pablo Shah,pablo.shah.130@bank.tld,Audit,active,Root,Workday,2025-04-21T10:23:25Z
u41,Maya Novak,maya.novak.41@bank.tld,Finance,active,IncidentResponder,AWS,2023-11-19T05:24:04Z
u66,Kai Tan,kai.tan.66@bank.tld,Security,active,TradingMonitor,AzureAD,2025-01-05T04:57:19Z
u24,Nina Lopez,nina.lopez.24@bank.tld,Payments,active,ProdDeployer,SAP,2025-03-10T20:52:14Z
u114,Maria Novak,maria.novak.114@bank.tld,Payments,active,ProcurementViewer,Workday,2023-03-18T01:41:41Z
u140,Meera Singh,meera.singh.140@bank.tld,HR,active,QAEngineer,AzureAD,2024-12-22T00:58:29Z
u46,Ivy Khan,ivy.khan.46@bank.tld,Procurement,active,SupportAdmin,SAP,2023-11-22T17:18:54Z
u73,Olga Singh,olga.singh.73@bank.tld,Finance,active,ComplianceAdmin,Okta,2024-05-05T18:09:13Z
u51,Robert Moreau,robert.moreau.51@bank.tld,Procurement,active,FinanceApprover,AzureAD,2023-07-17T01:51:36Z
u101,Pablo White,pablo.white.101@bank.tld,IT,active,DataDelete,AWS,2024-07-11T16:59:51Z
u128,Lina Ali,lina.ali.128@bank.tld,Trading,inactive,ComplianceAdmin,Workday,2023-10-30T09:26:10Z
u46,Ivy Khan,ivy.khan.46@bank.tld,Procurement,active,ProdDeployer,Workday,2024-11-15T19:48:10Z
u86,Sam Park,sam.park.86@bank.tld,Finance,inactive,UserAdmin,Workday,2025-04-08T15:25:16Z
u71,Noah Adams,noah.adams.71@bank.tld,Payments,active,PlatformOwner,Okta,2023-03-31T21:26:21Z
u116,Ben Patel,ben.patel.116@bank.tld,HR,active,SecurityAudit,Workday,2023-09-26T06:32:59Z
u146,Sam Muller,sam.muller.146@bank.tld,Audit,active,SystemOverride,Okta,2024-01-19T16:07:08Z
u125,Karen Hernandez,karen.hernandez.125@bank.tld,Finance,active,BudgetOwner,AzureAD,2023-03-03T10:02:39Z
u106,Ethan Lin,ethan.lin.106@bank.tld,Finance,active,Root,SAP,2023-09-05T17:17:26Z
u108,Ivy Brown,ivy.brown.108@bank.tld,Payments,active,DataDelete,SAP,2024-08-28T06:13:27Z
u97,Victor Hernandez,victor.hernandez.97@bank.tld,DevOps,active,ComplianceAdmin,Workday,2025-03-04T10:16:37Z
u135,Ian Patel,ian.patel.135@bank.tld,Security,active,AWS_Admin,AzureAD,2024-02-13T23:39:04Z
u89,Robert Moreau,robert.moreau.89@bank.tld,IT,active,Root,AzureAD,2024-12-22T14:42:24Z
u127,Raj Morales,raj.morales.127@bank.tld,HR,inactive,DatabaseAdmin,AzureAD,2025-04-15T11:23:57Z
u36,Amelia Patel,amelia.patel.36@bank.tld,Finance,inactive,ProdDeployer,AzureAD,2025-10-03T13:08:07Z
u107,Hannah Singh,hannah.singh.107@bank.tld,Trading,inactive,AWS_Admin,Okta,2023-12-13T19:05:02Z
u88,Sam Garcia,sam.garcia.88@bank.tld,IT,active,AuditRead,AWS,2024-07-29T09:50:14Z
u49,Chris Costa,chris.costa.49@bank.tld,Trading,active,QAEngineer,AzureAD,2025-01-24T06:56:20Z
u43,Diana Hernandez,diana.hernandez.43@bank.tld,Security,active,IncidentResponder,SAP,2025-07-12T07:41:13Z
u87,Zoe Morales,zoe.morales.87@bank.tld,Security,active,ChangeManager,AWS,2024-03-27T18:57:47Z
u125,Karen Hernandez,karen.hernandez.125@bank.tld,Finance,active,FinanceAnalyst,AWS,2023-01-19T16:28:59Z
u136,Karen Adams,karen.adams.136@bank.tld,Trading,active,TradingDesk,AzureAD,2024-10-29T16:06:25Z
u44,Sam Nguyen,sam.nguyen.44@bank.tld,Payments,active,SecurityAudit,Okta,2025-05-27T19:54:17Z
u89,Robert Moreau,robert.moreau.89@bank.tld,IT,active,VendorPayment,AzureAD,2025-05-16T18:01:41Z
u59,Tom Moreau,tom.moreau.59@bank.tld,DevOps,active,SecurityAudit,AzureAD,2023-06-20T15:41:32Z
u80,Yara Kim,yara.kim.80@bank.tld,IT,active,FinanceAnalyst,Okta,2025-12-27T13:25:33Z
u5,Noah Lin,noah.lin.5@bank.tld,Payments,active,LegalReviewer,AWS,2023-07-30T00:28:21Z
u149,Fatima Brown,fatima.brown.149@bank.tld,Procurement,active,Root,AzureAD,2023-01-17T15:14:02Z
u132,Ethan Ali,ethan.ali.132@bank.tld,Procurement,active,AccessReviewer,Okta,2024-09-01T18:15:06Z
u22,David Hernandez,david.hernandez.22@bank.tld,Security,active,SRE,Okta,2025-01-19T15:50:29Z
u140,Meera Singh,meera.singh.140@bank.tld,HR,active,IncidentResponder,Okta,2024-02-26T16:39:19Z
u125,Karen Hernandez,karen.hernandez.125@bank.tld,Finance,active,DataDelete,SAP,2023-08-18T22:18:56Z
u1,David Moreau,david.moreau.1@bank.tld,Security,active,AssetManager,SAP,2024-07-09T06:20:28Z
u9,Marcus Sato,marcus.sato.9@bank.tld,Security,active,DevOpsAdmin,AWS,2025-09-12T02:10:46Z
u38,David Shah,david.shah.38@bank.tld,Finance,active,AssetManager,SAP,2024-12-09T03:31:02Z
u25,Fatima Rossi,fatima.rossi.25@bank.tld,Security,active,FinanceAnalyst,Okta,2025-03-25T23:44:02Z
u47,Ibrahim Garcia,ibrahim.garcia.47@bank.tld,DevOps,active,RiskAnalyst,AWS,2024-06-17T20:57:37Z
u18,Raj Adams,raj.adams.18@bank.tld,Procurement,active,VendorPayment,AzureAD,2024-11-26T17:21:39Z
u31,Sam Adams,sam.adams.31@bank.tld,Procurement,active,AuditRead,AzureAD,2025-06-19T01:48:10Z
u46,Julia Jones,julia.jones.46@bank.tld,IT,active,Root,AWS,2023-02-02T11:20:46Z
u7,Olga Muller,olga.muller.7@bank.tld,Payments,active,DataEngineer,AWS,2023-04-20T21:42:40Z
u93,Victor Moreau,victor.moreau.93@bank.tld,Trading,active,ExpenseApprover,Okta,2023-03-01T15:54:25Z
u79,Fatima Ivanov,fatima.ivanov.79@bank.tld,Payments,active,ProcurementViewer,AWS,2023-05-06T13:23:14Z
u5,Noah Lin,noah.lin.5@bank.tld,Payments,active,SecurityAudit,Workday,2024-08-22T01:09:59Z
u112,Ben Jones,ben.jones.112@bank.tld,HR,active,TradingDesk,AzureAD,2023-01-24T11:22:25Z
u73,Olga Singh,olga.singh.73@bank.tld,Finance,active,ProcurementViewer,AzureAD,2023-07-26T00:52:25Z
u62,Rita Brown,rita.brown.62@bank.tld,Security,active,VendorPayment,SAP,2025-07-27T13:54:39Z
u35,Ana Lopez,ana.lopez.35@bank.tld,DevOps,inactive,ExpenseApprover,AzureAD,2025-10-06T04:25:05Z
u52,Fatima Moreau,fatima.moreau.52@bank.tld,IT,active,VendorPayment,Okta,2024-11-20T12:13:08Z
u34,Hannah Silva,hannah.silva.34@bank.tld,Security,active,BillingAdmin,Workday,2024-05-14T22:48:06Z
u43,Diana Hernandez,diana.hernandez.43@bank.tld,Security,active,DatabaseAdmin,SAP,2025-03-10T23:58:21Z
u88,Sam Garcia,sam.garcia.88@bank.tld,IT,active,QAEngineer,AWS,2025-07-12T09:35:04Z
u98,Olga Zhou,olga.zhou.98@bank.tld,DevOps,inactive,DataRead,AWS,2023-03-04T00:06:30Z
u7,Olga Muller,olga.muller.7@bank.tld,Payments,active,TradingDesk,SAP,2023-01-05T22:39:25Z
u52,Fatima Moreau,fatima.moreau.52@bank.tld,IT,active,RiskAnalyst,SAP,2024-06-04T01:08:06Z
u111,Julia Moreau,julia.moreau.111@bank.tld,Security,active,NetworkAdmin,Workday,2024-08-16T15:40:03Z
u137,Noah Kim,noah.kim.137@bank.tld,DevOps,active,BudgetOwner,AzureAD,2025-10-11T12:46:47Z
u44,Sam Nguyen,sam.nguyen.44@bank.tld,Payments,active,LegalReviewer,Okta,2024-04-11T21:01:45Z
u73,Olga Singh,olga.singh.73@bank.tld,Finance,active,SRE,SAP,2024-10-09T00:42:55Z
u127,Raj Morales,raj.morales.127@bank.tld,HR,inactive,PlatformOwner,AWS,2024-08-26T04:13:28Z
u129,Noah White,noah.white.129@bank.tld,Procurement,active,QAEngineer,AWS,2025-11-19T21:53:50Z
u72,Sam Ali,sam.ali.72@bank.tld,Procurement,active,AccessReviewer,Workday,2023-11-12T16:43:02Z
u25,Fatima Rossi,fatima.rossi.25@bank.tld,Security,active,OktaSuperAdmin,Okta,2024-12-10T21:09:54Z
u98,Olga Zhou,olga.zhou.98@bank.tld,DevOps,inactive,PlatformOwner,AWS,2025-05-25T15:51:15Z
u32,Nina Shah,nina.shah.32@bank.tld,Security,inactive,NetworkAdmin,SAP,2025-09-29T12:53:49Z
u21,Steve Kim,steve.kim.21@bank.tld,HR,inactive,Root,AzureAD,2023-02-11T15:37:49Z
u110,Diana White,diana.white.110@bank.tld,Security,active,CRMWrite,AWS,2025-09-17T10:44:45Z
u3,Chris Park,chris.park.3@bank.tld,Trading,inactive,OktaSuperAdmin,AWS,2023-01-24T02:01:46Z
u28,Ethan Moreau,ethan.moreau.28@bank.tld,Audit,active,AccessReviewer,AWS,2024-04-24T14:35:17Z
u85,Ben Sato,ben.sato.85@bank.tld,Payments,inactive,ProcurementApproval,Workday,2023-08-31T13:20:45Z
u60,Marcus Novak,marcus.novak.60@bank.tld,Security,active,LegalReviewer,SAP,2025-02-05T03:49:50Z
u84,Liu Roy,liu.roy.84@bank.tld,Trading,active,AWS_Admin,SAP,2023-08-06T14:22:31Z
u134,Grace Jones,grace.jones.134@bank.tld,Audit,inactive,SecurityAudit,AWS,2023-09-15T12:53:08Z
u3,Chris Park,chris.park.3@bank.tld,Trading,inactive,ProcurementViewer,AWS,2023-02-04T21:10:38Z
u8,Karen Singh,karen.singh.8@bank.tld,Audit,active,ComplianceAdmin,Workday,2025-03-17T05:14:25Z
u108,Kai Ali,kai.ali.108@bank.tld,Procurement,active,ProdDeployer,Workday,2024-12-04T07:59:29Z
u124,Diana Adams,diana.adams.124@bank.tld,Procurement,active,SupportAdmin,SAP,2025-11-19T15:37:02Z
u67,Noah Park,noah.park.67@bank.tld,Trading,active,AuditRead,Okta,2025-05-26T15:40:21Z
u78,Victor Novak,victor.novak.78@bank.tld,Security,active,RiskAnalyst,SAP,2023-10-14T09:40:33Z
u11,Robert Moreau,robert.moreau.11@bank.tld,Payments,inactive,TradingDesk,Okta,2024-03-31T16:48:38Z
u12,Amelia Garcia,amelia.garcia.12@bank.tld,Payments,active,TradingDesk,SAP,2023-02-13T10:48:45Z
u115,Zoe Shah,zoe.shah.115@bank.tld,Audit,inactive,OktaSuperAdmin,AzureAD,2023-10-29T12:56:49Z
u32,Julia Park,julia.park.32@bank.tld,IT,active,DevOpsAdmin,SAP,2024-07-01T08:59:31Z
u69,Kai White,kai.white.69@bank.tld,Security,inactive,RiskAnalyst,Workday,2025-10-24T17:12:54Z
u52,Fatima Moreau,fatima.moreau.52@bank.tld,IT,active,AccessReviewer,AzureAD,2025-05-15T03:21:12Z
u26,Alex Roy,alex.roy.26@bank.tld,Finance,active,DatabaseAdmin,SAP,2023-10-07T01:49:20Z
u26,Alex Roy,alex.roy.26@bank.tld,Finance,active,SupportAdmin,SAP,2025-08-28T11:23:59Z
u118,Diana Park,diana.park.118@bank.tld,Security,active,ProcurementViewer,Okta,2023-07-07T16:44:12Z
u147,Tom Jones,tom.jones.147@bank.tld,Audit,active,ProcurementViewer,AzureAD,2024-02-24T06:26:33Z
u56,Sofia Moreau,sofia.moreau.56@bank.tld,Security,active,HRManager,AWS,2024-02-10T20:35:05Z
u86,Sam Park,sam.park.86@bank.tld,Finance,inactive,ComplianceAdmin,SAP,2024-10-09T09:58:33Z
u124,Diana Adams,diana.adams.124@bank.tld,Procurement,active,DataEngineer,Okta,2024-05-28T02:56:21Z
u39,Maya Silva,maya.silva.39@bank.tld,DevOps,active,CRMWrite,Okta,2024-05-23T10:56:35Z
u15,Ivy Costa,ivy.costa.15@bank.tld,Payments,active,ExpenseApprover,AzureAD,2025-12-28T22:25:12Z
u137,Maria Kim,maria.kim.137@bank.tld,Trading,active,NetworkAdmin,AWS,2024-03-15T10:44:40Z
u148,Ana Patel,ana.patel.148@bank.tld,Security,active,BillingAdmin,AzureAD,2023-04-28T16:43:50Z
u79,Fatima Ivanov,fatima.ivanov.79@bank.tld,Payments,active,SecurityAudit,AWS,2023-05-16T21:08:13Z
u147,Tom Singh,tom.singh.147@bank.tld,IT,active,CloudOpsAdmin,SAP,2023-06-30T15:20:59Z
u65,Kai Lin,kai.lin.65@bank.tld,Finance,active,ChangeManager,AzureAD,2024-08-20T23:53:08Z
u118,Diana Park,diana.park.118@bank.tld,Security,active,UserAdmin,Okta,2023-02-08T04:24:37Z
u146,Sam Muller,sam.muller.146@bank.tld,Audit,active,TradingDesk,Workday,2025-08-12T03:27:34Z
u132,Kai Hernandez,kai.hernandez.132@bank.tld,Procurement,active,LegalReviewer,AzureAD,2024-10-02T21:58:44Z
u94,Olga Tan,olga.tan.94@bank.tld,Audit,active,QAEngineer,AWS,2025-07-28T09:43:38Z
u30,Sam Zhou,sam.zhou.30@bank.tld,Procurement,active,CRMWrite,AWS,2023-03-24T03:13:48Z
u36,Amelia Patel,amelia.patel.36@bank.tld,Finance,inactive,ProcurementApproval,SAP,2023-10-18T02:43:02Z
u51,Robert Moreau,robert.moreau.51@bank.tld,Procurement,active,BudgetOwner,AWS,2023-06-20T14:49:00Z
u55,Lina Ivanov,lina.ivanov.55@bank.tld,Finance,active,ProcurementViewer,Workday,2025-04-19T12:56:01Z
u26,Alex Roy,alex.roy.26@bank.tld,Finance,active,DataRead,SAP,2023-08-31T04:59:44Z
u16,Pablo Hernandez,pablo.hernandez.16@bank.tld,Trading,active,QAEngineer,Okta,2023-03-27T07:15:36Z
u85,Maria Costa,maria.costa.85@bank.tld,Procurement,active,BillingAdmin,Workday,2023-04-13T20:41:23Z
u126,Hannah Rossi,hannah.rossi.126@bank.tld,IT,active,CRMWrite,Workday,2024-08-02T22:53:15Z
u139,Robert Ali,robert.ali.139@bank.tld,DevOps,active,PlatformOwner,Okta,2023-07-10T22:09:01Z
u31,Sam Adams,sam.adams.31@bank.tld,Procurement,active,ProcurementApproval,Workday,2025-04-11T09:27:45Z
u70,Kai Ivanov,kai.ivanov.70@bank.tld,DevOps,active,ComplianceReview,SAP,2024-02-17T19:09:46Z
u128,Lina Ali,lina.ali.128@bank.tld,Trading,inactive,Root,AzureAD,2024-08-02T04:49:05Z
u87,Zoe Morales,zoe.morales.87@bank.tld,Security,active,VendorPayment,Workday,2024-12-31T00:06:50Z
u104,Raj Park,raj.park.104@bank.tld,Security,active,DataDelete,SAP,2023-02-20T01:33:15Z
u123,Steve Silva,steve.silva.123@bank.tld,Trading,active,MarketingAdmin,SAP,2024-02-16T15:00:17Z
u62,Rita Brown,rita.brown.62@bank.tld,Security,active,AWS_Admin,Okta,2025-10-06T01:51:25Z
u9,Marcus Sato,marcus.sato.9@bank.tld,Security,active,CloudOpsAdmin,Workday,2024-12-12T18:36:18Z
u57,Diana Ivanov,diana.ivanov.57@bank.tld,Trading,active,ComplianceAdmin,Okta,2024-04-03T20:19:18Z
u61,Rita Singh,rita.singh.61@bank.tld,HR,active,ComplianceAdmin,AzureAD,2025-08-18T07:50:31Z
u48,Victor Rossi,victor.rossi.48@bank.tld,IT,inactive,AppDeveloper,Okta,2023-07-22T23:56:06Z
u126,Rita Adams,rita.adams.126@bank.tld,Payments,inactive,ExpenseApprover,Okta,2023-02-13T02:57:15Z
u59,Tom Moreau,tom.moreau.59@bank.tld,DevOps,active,ComplianceReview,AWS,2024-11-27T19:15:21Z
u132,Kai Hernandez,kai.hernandez.132@bank.tld,Procurement,active,MarketingAdmin,AWS,2023-04-30T03:58:52Z
u78,Noah Khan,noah.khan.78@bank.tld,Trading,active,OktaSuperAdmin,AzureAD,2023-11-07T00:04:09Z
u70,Kai Ivanov,kai.ivanov.70@bank.tld,DevOps,active,CloudOpsAdmin,AzureAD,2025-01-21T15:07:02Z
u57,Sofia Nguyen,sofia.nguyen.57@bank.tld,Finance,active,ComplianceAdmin,SAP,2023-08-20T15:07:11Z
u14,Victor White,victor.white.14@bank.tld,Security,active,SupportAdmin,SAP,2024-02-22T19:00:48Z
u53,Olga Adams,olga.adams.53@bank.tld,DevOps,active,DatabaseAdmin,AWS,2023-02-09T02:15:08Z
u31,Raj Adams,raj.adams.31@bank.tld,Payments,active,PlatformOwner,AzureAD,2025-04-01T21:48:50Z
